{
  "title":"Lecture 25: Health Economics    ",
  "description": "",
  "file": null,
  "learning_resource_types": ["Lecture Videos"],
  "resource_type": "Video",
  "file_type": null,
  "youtube_key":  "jsiCft5v2dk",
  "captions_file": "/courses/14-01-principles-of-microeconomics-fall-2018/fddf7ed79e075a8aaecb2a62da37ed27_jsiCft5v2dk.vtt",
  "transcript_file": "/courses/14-01-principles-of-microeconomics-fall-2018/ee5f70f0d9a29a5808c933aef17a0ac7_jsiCft5v2dk.pdf",
  "thumbnail_file": "https://img.youtube.com/vi/jsiCft5v2dk/default.jpg",
  "archive_url": "https://archive.org/download/MIT14.01F18/MIT14_01F18_lec25_300k.mp4"}
