{
  "title":"Lecture 3: Budget Constraints and Constrained Choice ",
  "description": "",
  "file": null,
  "learning_resource_types": ["Lecture Videos"],
  "resource_type": "Video",
  "file_type": null,
  "youtube_key":  "jHEPQpSKdbg",
  "captions_file": "/courses/14-01-principles-of-microeconomics-fall-2018/6e9158193cef5ec396e4bf6a350a47d1_jHEPQpSKdbg.vtt",
  "transcript_file": "/courses/14-01-principles-of-microeconomics-fall-2018/0fa3ffbb6017171951b89ef78db3f6dc_jHEPQpSKdbg.pdf",
  "thumbnail_file": "https://img.youtube.com/vi/jHEPQpSKdbg/default.jpg",
  "archive_url": "https://archive.org/download/MIT14.01F18/MIT14_01F18_lec03_300k.mp4"}
