{
  "title":"Lecture 6: Costs    ",
  "description": "",
  "file": null,
  "learning_resource_types": ["Lecture Videos"],
  "resource_type": "Video",
  "file_type": null,
  "youtube_key":  "TSYNHb6YBEE",
  "captions_file": "/courses/14-01-principles-of-microeconomics-fall-2018/2136d0c5f2da50fc926360b04ee41526_TSYNHb6YBEE.vtt",
  "transcript_file": "/courses/14-01-principles-of-microeconomics-fall-2018/8f0f7f4dd0a416462ce949a81c3a96e6_TSYNHb6YBEE.pdf",
  "thumbnail_file": "https://img.youtube.com/vi/TSYNHb6YBEE/default.jpg",
  "archive_url": "https://archive.org/download/MIT14.01F18/MIT14_01F18_lec06_300k.mp4"}
