{
  "title":"Lecture 16: Input Markets II—Labor and Capital    ",
  "description": "",
  "file": null,
  "learning_resource_types": ["Lecture Videos"],
  "resource_type": "Video",
  "file_type": null,
  "youtube_key":  "RnN2rgCrIzs",
  "captions_file": "/courses/14-01-principles-of-microeconomics-fall-2018/75deccd298f957a7bf8557c8593c625a_RnN2rgCrIzs.vtt",
  "transcript_file": "/courses/14-01-principles-of-microeconomics-fall-2018/3227bf5738a1d870cea62ce072672b95_RnN2rgCrIzs.pdf",
  "thumbnail_file": "https://img.youtube.com/vi/RnN2rgCrIzs/default.jpg",
  "archive_url": "https://archive.org/download/MIT14.01F18/MIT14_01F18_lec16_300k.mp4"}
