<?xml version="1.0" encoding="utf-8" standalone="yes"?>
<rss version="2.0" xmlns:atom="http://www.w3.org/2005/Atom">
  <channel>
    <title>Recitations on MIT OpenCourseWare</title>
    <link>/resources/recitations/</link>
    <description>Recent content in Recitations on MIT OpenCourseWare</description>
    <generator>Hugo -- gohugo.io</generator>
    <language>en-us</language><atom:link href="/resources/recitations/index.xml" rel="self" type="application/rss+xml" />
    <item>
      <title>Recitations</title>
      <link>/pages/recitations/data.json</link>
      <pubDate>Mon, 01 Jan 0001 00:00:00 +0000</pubDate>
      
      <guid>/pages/recitations/data.json</guid>
      <description></description>
    </item>
    
  </channel>
</rss>
