<?xml version="1.0" encoding="utf-8" standalone="yes"?>
<rss version="2.0" xmlns:atom="http://www.w3.org/2005/Atom">
  <channel>
    <title>Assignments on MIT OpenCourseWare</title>
    <link>/resources/assignments/</link>
    <description>Recent content in Assignments on MIT OpenCourseWare</description>
    <generator>Hugo -- gohugo.io</generator>
    <language>en-us</language><atom:link href="/resources/assignments/index.xml" rel="self" type="application/rss+xml" />
    <item>
      <title>14.01 Fall 2018 Problem Set 1</title>
      <link>/resources/mit14_01f18_pset1/data.json</link>
      <pubDate>Mon, 01 Jan 0001 00:00:00 +0000</pubDate>
      
      <guid>/resources/mit14_01f18_pset1/data.json</guid>
      <description></description>
    </item>
    
    <item>
      <title>14.01 Fall 2018 Problem Set 1 Solutions</title>
      <link>/resources/mit14_01f18_pset1sol/data.json</link>
      <pubDate>Mon, 01 Jan 0001 00:00:00 +0000</pubDate>
      
      <guid>/resources/mit14_01f18_pset1sol/data.json</guid>
      <description></description>
    </item>
    
    <item>
      <title>14.01 Fall 2018 Problem Set 10</title>
      <link>/resources/mit14_01f18_pset10/data.json</link>
      <pubDate>Mon, 01 Jan 0001 00:00:00 +0000</pubDate>
      
      <guid>/resources/mit14_01f18_pset10/data.json</guid>
      <description></description>
    </item>
    
    <item>
      <title>14.01 Fall 2018 Problem Set 10 Solutions</title>
      <link>/resources/mit14_01f18_pset10sol/data.json</link>
      <pubDate>Mon, 01 Jan 0001 00:00:00 +0000</pubDate>
      
      <guid>/resources/mit14_01f18_pset10sol/data.json</guid>
      <description></description>
    </item>
    
    <item>
      <title>14.01 Fall 2018 Problem Set 2</title>
      <link>/resources/mit14_01f18_pset2/data.json</link>
      <pubDate>Mon, 01 Jan 0001 00:00:00 +0000</pubDate>
      
      <guid>/resources/mit14_01f18_pset2/data.json</guid>
      <description></description>
    </item>
    
    <item>
      <title>14.01 Fall 2018 Problem Set 2 Solutions</title>
      <link>/resources/mit14_01f18_pset2sol/data.json</link>
      <pubDate>Mon, 01 Jan 0001 00:00:00 +0000</pubDate>
      
      <guid>/resources/mit14_01f18_pset2sol/data.json</guid>
      <description></description>
    </item>
    
    <item>
      <title>14.01 Fall 2018 Problem Set 3</title>
      <link>/resources/mit14_01f18_pset3/data.json</link>
      <pubDate>Mon, 01 Jan 0001 00:00:00 +0000</pubDate>
      
      <guid>/resources/mit14_01f18_pset3/data.json</guid>
      <description></description>
    </item>
    
    <item>
      <title>14.01 Fall 2018 Problem Set 4</title>
      <link>/resources/mit14_01f18_pset4/data.json</link>
      <pubDate>Mon, 01 Jan 0001 00:00:00 +0000</pubDate>
      
      <guid>/resources/mit14_01f18_pset4/data.json</guid>
      <description></description>
    </item>
    
    <item>
      <title>14.01 Fall 2018 Problem Set 4 Solutions</title>
      <link>/resources/mit14_01f18_pset4sol/data.json</link>
      <pubDate>Mon, 01 Jan 0001 00:00:00 +0000</pubDate>
      
      <guid>/resources/mit14_01f18_pset4sol/data.json</guid>
      <description></description>
    </item>
    
    <item>
      <title>14.01 Fall 2018 Problem Set 5</title>
      <link>/resources/mit14_01f18_pset5/data.json</link>
      <pubDate>Mon, 01 Jan 0001 00:00:00 +0000</pubDate>
      
      <guid>/resources/mit14_01f18_pset5/data.json</guid>
      <description></description>
    </item>
    
    <item>
      <title>14.01 Fall 2018 Problem Set 5 solutions</title>
      <link>/resources/mit14_01f18_pset5sol/data.json</link>
      <pubDate>Mon, 01 Jan 0001 00:00:00 +0000</pubDate>
      
      <guid>/resources/mit14_01f18_pset5sol/data.json</guid>
      <description></description>
    </item>
    
    <item>
      <title>14.01 Fall 2018 Problem Set 6</title>
      <link>/resources/mit14_01f18_pset6/data.json</link>
      <pubDate>Mon, 01 Jan 0001 00:00:00 +0000</pubDate>
      
      <guid>/resources/mit14_01f18_pset6/data.json</guid>
      <description></description>
    </item>
    
    <item>
      <title>14.01 Fall 2018 Problem Set 6 Solutions</title>
      <link>/resources/mit14_01f18_pset6sol/data.json</link>
      <pubDate>Mon, 01 Jan 0001 00:00:00 +0000</pubDate>
      
      <guid>/resources/mit14_01f18_pset6sol/data.json</guid>
      <description></description>
    </item>
    
    <item>
      <title>14.01 Fall 2018 Problem Set 7</title>
      <link>/resources/mit14_01f18_pset7/data.json</link>
      <pubDate>Mon, 01 Jan 0001 00:00:00 +0000</pubDate>
      
      <guid>/resources/mit14_01f18_pset7/data.json</guid>
      <description></description>
    </item>
    
    <item>
      <title>14.01 Fall 2018 Problem Set 7 Solutions</title>
      <link>/resources/mit14_01f18_pset7sol/data.json</link>
      <pubDate>Mon, 01 Jan 0001 00:00:00 +0000</pubDate>
      
      <guid>/resources/mit14_01f18_pset7sol/data.json</guid>
      <description></description>
    </item>
    
    <item>
      <title>14.01 Fall 2018 Problem Set 8</title>
      <link>/resources/mit14_01f18_pset8/data.json</link>
      <pubDate>Mon, 01 Jan 0001 00:00:00 +0000</pubDate>
      
      <guid>/resources/mit14_01f18_pset8/data.json</guid>
      <description></description>
    </item>
    
    <item>
      <title>14.01 Fall 2018 Problem Set 8 Solutions</title>
      <link>/resources/mit14_01f18_pset8sol/data.json</link>
      <pubDate>Mon, 01 Jan 0001 00:00:00 +0000</pubDate>
      
      <guid>/resources/mit14_01f18_pset8sol/data.json</guid>
      <description></description>
    </item>
    
    <item>
      <title>14.01 Fall 2018 Problem Set 9</title>
      <link>/resources/mit14_01f18_pset9/data.json</link>
      <pubDate>Mon, 01 Jan 0001 00:00:00 +0000</pubDate>
      
      <guid>/resources/mit14_01f18_pset9/data.json</guid>
      <description></description>
    </item>
    
    <item>
      <title>14.01 Fall 2018 Problem Set 9 Solutions</title>
      <link>/resources/mit14_01f18_pset9sol/data.json</link>
      <pubDate>Mon, 01 Jan 0001 00:00:00 +0000</pubDate>
      
      <guid>/resources/mit14_01f18_pset9sol/data.json</guid>
      <description></description>
    </item>
    
    <item>
      <title>14.02 Fall 2018 Problem Set 3 Solutions</title>
      <link>/resources/mit14_01f18_pset3sol/data.json</link>
      <pubDate>Mon, 01 Jan 0001 00:00:00 +0000</pubDate>
      
      <guid>/resources/mit14_01f18_pset3sol/data.json</guid>
      <description></description>
    </item>
    
    <item>
      <title>Assignments</title>
      <link>/pages/problem-sets/data.json</link>
      <pubDate>Mon, 01 Jan 0001 00:00:00 +0000</pubDate>
      
      <guid>/pages/problem-sets/data.json</guid>
      <description>Problem Sets Solutions Problem Set 1 (PDF) Problem Set 1 Solutions (PDF) Problem Set 2 (PDF) Problem Set 2 Solutions (PDF) ﻿Problem Set 3 (PDF) Problem Set 3 Solutions (PDF) ﻿Problem Set 4 (PDF) Problem Set 4 Solutions (PDF) ﻿Problem Set 5 (PDF) Problem Set 5 Solutions (PDF) Problem Set 6 (PDF) ﻿Problem Set 6 Solutions (PDF) Problem Set 7 (PDF) Problem Set 7 Solutions (PDF) ﻿Problem Set 8 (PDF) Problem Set 8 Solutions (PDF) Problem Set 9 (PDF) ﻿Problem Set 9 Solutions (PDF) ﻿Problem Set 10 (PDF)</description>
    </item>
    
  </channel>
</rss>
