{
  "title":"Lecture 2: Preference and Utility Functions",
  "description": "",
  "file": null,
  "learning_resource_types": ["Lecture Videos"],
  "resource_type": "Video",
  "file_type": null,
  "youtube_key":  "tCKk22kaZi4",
  "captions_file": "/courses/14-01-principles-of-microeconomics-fall-2018/b076142e55b1583e9096c4567653cda7_tCKk22kaZi4.vtt",
  "transcript_file": "/courses/14-01-principles-of-microeconomics-fall-2018/fe938934133a619ebb6b08ad366fd63c_tCKk22kaZi4.pdf",
  "thumbnail_file": "https://img.youtube.com/vi/tCKk22kaZi4/default.jpg",
  "archive_url": "https://archive.org/download/MIT14.01F18/MIT14_01F18_lec02_300k.mp4"}
