{
  "title":"Lecture 14: Oligopoly II",
  "description": "",
  "file": null,
  "learning_resource_types": ["Lecture Videos"],
  "resource_type": "Video",
  "file_type": null,
  "youtube_key":  "oFL2Hxqg7eo",
  "captions_file": "/courses/14-01-principles-of-microeconomics-fall-2018/2db7d50d56785519b7867457f032fdf2_oFL2Hxqg7eo.vtt",
  "transcript_file": "/courses/14-01-principles-of-microeconomics-fall-2018/534535f1aff601c22fbbe526e53d20ef_oFL2Hxqg7eo.pdf",
  "thumbnail_file": "https://img.youtube.com/vi/oFL2Hxqg7eo/default.jpg",
  "archive_url": "https://archive.org/download/MIT14.01F18/MIT14_01F18_lec14_300k.mp4"}
