{
  "title":"Lecture 24: Market Failures II: Informational Asymmetry    ",
  "description": "",
  "file": null,
  "learning_resource_types": ["Lecture Videos"],
  "resource_type": "Video",
  "file_type": null,
  "youtube_key":  "hm5zqBPsRJM",
  "captions_file": "/courses/14-01-principles-of-microeconomics-fall-2018/f7dd5a909e545ed5aa1e43f8b0cfd566_hm5zqBPsRJM.vtt",
  "transcript_file": "/courses/14-01-principles-of-microeconomics-fall-2018/afce07c2a7667d4b17631ca9c0e0d0e5_hm5zqBPsRJM.pdf",
  "thumbnail_file": "https://img.youtube.com/vi/hm5zqBPsRJM/default.jpg",
  "archive_url": "https://archive.org/download/MIT14.01F18/MIT14_01F18_lec24_300k.mp4"}
