{
  "title":"Lecture 12: Monopoly II    ",
  "description": "",
  "file": null,
  "learning_resource_types": ["Lecture Videos"],
  "resource_type": "Video",
  "file_type": null,
  "youtube_key":  "ufrYzoR_4xE",
  "captions_file": "/courses/14-01-principles-of-microeconomics-fall-2018/1ba1bb8f9e86520aafbce4c3a265fc84_ufrYzoR_4xE.vtt",
  "transcript_file": "/courses/14-01-principles-of-microeconomics-fall-2018/ab1f8336a41c95b673989e1740d487c3_ufrYzoR_4xE.pdf",
  "thumbnail_file": "https://img.youtube.com/vi/ufrYzoR_4xE/default.jpg",
  "archive_url": "https://archive.org/download/MIT14.01F18/MIT14_01F18_lec12_300k.mp4"}
