{
  "title":"Lecture 5: Production Theory    ",
  "description": "",
  "file": null,
  "learning_resource_types": ["Lecture Videos"],
  "resource_type": "Video",
  "file_type": null,
  "youtube_key":  "ftmvsahQ6Wo",
  "captions_file": "/courses/14-01-principles-of-microeconomics-fall-2018/f72a42fb252e5719aa023ec75c578349_ftmvsahQ6Wo.vtt",
  "transcript_file": "/courses/14-01-principles-of-microeconomics-fall-2018/63170c2f9c0f9270b3ac85480897fd1e_ftmvsahQ6Wo.pdf",
  "thumbnail_file": "https://img.youtube.com/vi/ftmvsahQ6Wo/default.jpg",
  "archive_url": "https://archive.org/download/MIT14.01F18/MIT14_01F18_lec05_300k.mp4"}
