{
  "title":"Lecture 18: Increasing Savings \u0026 Introduction to Trade    ",
  "description": "",
  "file": null,
  "learning_resource_types": ["Lecture Videos"],
  "resource_type": "Video",
  "file_type": null,
  "youtube_key":  "B6wI0CE4GjM",
  "captions_file": "/courses/14-01-principles-of-microeconomics-fall-2018/4fd95a13a2fc5f88a4cc20a71c5ab902_B6wI0CE4GjM.vtt",
  "transcript_file": "/courses/14-01-principles-of-microeconomics-fall-2018/15aac56fe5de4a036f091dffdaca2a91_B6wI0CE4GjM.pdf",
  "thumbnail_file": "https://img.youtube.com/vi/B6wI0CE4GjM/default.jpg",
  "archive_url": "https://archive.org/download/MIT14.01F18/MIT14_01F18_lec18_300k.mp4"}
