{
  "title":"Lecture 20: Uncertainty    ",
  "description": "",
  "file": null,
  "learning_resource_types": ["Lecture Videos"],
  "resource_type": "Video",
  "file_type": null,
  "youtube_key":  "a9Uz7tXETq4",
  "captions_file": "/courses/14-01-principles-of-microeconomics-fall-2018/b08f82628eab59a9854f7a8dfef8c8ca_a9Uz7tXETq4.vtt",
  "transcript_file": "/courses/14-01-principles-of-microeconomics-fall-2018/ec6efe706237bc88670d45116f387fd3_a9Uz7tXETq4.pdf",
  "thumbnail_file": "https://img.youtube.com/vi/a9Uz7tXETq4/default.jpg",
  "archive_url": "https://archive.org/download/MIT14.01F18/MIT14_01F18_lec20_300k.mp4"}
