{
  "title":"Lecture 1: Introduction and Supply \u0026 Demand",
  "description": "",
  "file": null,
  "learning_resource_types": ["Lecture Videos"],
  "resource_type": "Video",
  "file_type": null,
  "youtube_key":  "_OkTw766oCs",
  "captions_file": "/courses/14-01-principles-of-microeconomics-fall-2018/c1d88561f8ec55fcb4a8d88eb7db1c90_OkTw766oCs.vtt",
  "transcript_file": "/courses/14-01-principles-of-microeconomics-fall-2018/24a080fb01535ea6c2350f0de21598e2_OkTw766oCs.pdf",
  "thumbnail_file": "https://img.youtube.com/vi/_OkTw766oCs/default.jpg",
  "archive_url": "https://archive.org/download/MIT14.01F18/MIT14_01F18_lec01_300k.mp4"}
