{
  "title":"Lecture 11: Monopoly I    ",
  "description": "",
  "file": null,
  "learning_resource_types": ["Lecture Videos"],
  "resource_type": "Video",
  "file_type": null,
  "youtube_key":  "FJVOh57UxL8",
  "captions_file": "/courses/14-01-principles-of-microeconomics-fall-2018/d6a72239c7c0570b829e28cceed943ab_FJVOh57UxL8.vtt",
  "transcript_file": "/courses/14-01-principles-of-microeconomics-fall-2018/1435b7aea89b6009050c864403d0e5fe_FJVOh57UxL8.pdf",
  "thumbnail_file": "https://img.youtube.com/vi/FJVOh57UxL8/default.jpg",
  "archive_url": "https://archive.org/download/MIT14.01F18/MIT14_01F18_lec11_300k.mp4"}
