{
  "title":"Lecture 15: Input Markets I—Labor Market     ",
  "description": "",
  "file": null,
  "learning_resource_types": ["Lecture Videos"],
  "resource_type": "Video",
  "file_type": null,
  "youtube_key":  "6XhkCU8Rw_0",
  "captions_file": "/courses/14-01-principles-of-microeconomics-fall-2018/fd42f8b9edb358b39941159fe348fff0_6XhkCU8Rw_0.vtt",
  "transcript_file": "/courses/14-01-principles-of-microeconomics-fall-2018/c5693815c89b0e061ad810c99ef0bdeb_6XhkCU8Rw_0.pdf",
  "thumbnail_file": "https://img.youtube.com/vi/6XhkCU8Rw_0/default.jpg",
  "archive_url": "https://archive.org/download/MIT14.01F18/MIT14_01F18_lec15_300k.mp4"}
