{
  "title":"Lecture 4: Demand Curves and Income/Substitution Effects",
  "description": "",
  "file": null,
  "learning_resource_types": ["Lecture Videos"],
  "resource_type": "Video",
  "file_type": null,
  "youtube_key":  "x0scPosOsoI",
  "captions_file": "/courses/14-01-principles-of-microeconomics-fall-2018/785fc4ea2b695521971cfdf9dffbe210_x0scPosOsoI.vtt",
  "transcript_file": "/courses/14-01-principles-of-microeconomics-fall-2018/5e7917fe8455c382b0932de05f5ec68e_x0scPosOsoI.pdf",
  "thumbnail_file": "https://img.youtube.com/vi/x0scPosOsoI/default.jpg",
  "archive_url": "https://archive.org/download/MIT14.01F18/MIT14_01F18_lec04_300k.mp4"}
