{
  "title":"Lecture 8: Competition II",
  "description": "",
  "file": null,
  "learning_resource_types": ["Lecture Videos"],
  "resource_type": "Video",
  "file_type": null,
  "youtube_key":  "F0ulAkrfvzo",
  "captions_file": "/courses/14-01-principles-of-microeconomics-fall-2018/4608ba726e5d50c7b9a11f94a9defc63_F0ulAkrfvzo.vtt",
  "transcript_file": "/courses/14-01-principles-of-microeconomics-fall-2018/3c1cdd7f0d95333803c89ad164d185a1_F0ulAkrfvzo.pdf",
  "thumbnail_file": "https://img.youtube.com/vi/F0ulAkrfvzo/default.jpg",
  "archive_url": "https://archive.org/download/MIT14.01F18/MIT14_01F18_lec08_300k.mp4"}
