{
  "title":"Lecture 17: Making Choices Over Time    ",
  "description": "",
  "file": null,
  "learning_resource_types": ["Lecture Videos"],
  "resource_type": "Video",
  "file_type": null,
  "youtube_key":  "BUnUOv_INyM",
  "captions_file": "/courses/14-01-principles-of-microeconomics-fall-2018/6948df814bfc586fa7df8d6f2c3c513c_BUnUOv_INyM.vtt",
  "transcript_file": "/courses/14-01-principles-of-microeconomics-fall-2018/f33792dc91011c910907ec8a71059981_BUnUOv_INyM.pdf",
  "thumbnail_file": "https://img.youtube.com/vi/BUnUOv_INyM/default.jpg",
  "archive_url": "https://archive.org/download/MIT14.01F18/MIT14_01F18_lec17_300k.mp4"}
