{
  "title":"Lecture 23: Market Failures I: Externalities    ",
  "description": "",
  "file": null,
  "learning_resource_types": ["Lecture Videos"],
  "resource_type": "Video",
  "file_type": null,
  "youtube_key":  "ZLnj2cnCPGE",
  "captions_file": "/courses/14-01-principles-of-microeconomics-fall-2018/0151d4c3e9ff568fa774703a04cb1d92_ZLnj2cnCPGE.vtt",
  "transcript_file": "/courses/14-01-principles-of-microeconomics-fall-2018/4c8e55761ff90b76649c88ddefd76f8e_ZLnj2cnCPGE.pdf",
  "thumbnail_file": "https://img.youtube.com/vi/ZLnj2cnCPGE/default.jpg",
  "archive_url": "https://archive.org/download/MIT14.01F18/MIT14_01F18_lec23_300k.mp4"}
