{
  "title":"Lecture 21: Efficiency and Equity    ",
  "description": "",
  "file": null,
  "learning_resource_types": ["Lecture Videos"],
  "resource_type": "Video",
  "file_type": null,
  "youtube_key":  "osaVeUBA0Qk",
  "captions_file": "/courses/14-01-principles-of-microeconomics-fall-2018/24f157a6b2c75acaa4d00b2cc53bcc91_osaVeUBA0Qk.vtt",
  "transcript_file": "/courses/14-01-principles-of-microeconomics-fall-2018/0594da9029a49bb0bf4e4d1cbebd5653_osaVeUBA0Qk.pdf",
  "thumbnail_file": "https://img.youtube.com/vi/osaVeUBA0Qk/default.jpg",
  "archive_url": "https://archive.org/download/MIT14.01F18/MIT14_01F18_lec21_300k.mp4"}
