{"0151d4c3-e9ff-568f-a774-703a04cb1d92":"/resources/zlnj2cncpge-2/data.json","030b78b4-14b0-80ad-557b-4efb0015e5da":"/resources/mit14_01f18_handout17/data.json","03ce9e68-d110-8f8d-cc92-c078498d4f85":"/resources/lec-7-competition-1/data.json","04195b64-904b-8203-8ddc-512bc62f7efa":"/resources/mit14_01f18_handout20/data.json","052447e6-ce43-e57d-a024-4e8ca67454f2":"/resources/mit14_01f18_handout10/data.json","0594da90-29a4-9bb0-bf4e-4d1cbebd5653":"/resources/osaveuba0qk-1/data.json","06109686-7f8e-cd59-9160-79ce98d3e378":"/resources/mit14_01f18_pset10sol/data.json","07d01771-72c6-a6b7-46e7-1656adbd4d26":"/resources/bny84dcrxzo-1/data.json","09fc0c3f-3b75-6cd6-108b-068734bfc73e":"/resources/mit14_01f18_pset7/data.json","0a283b54-94e0-8029-3e55-147bc8099f3a":"/resources/mit14_01f18_pset9sol/data.json","0b3a6e60-fb89-0158-6ace-d6b1d364242f":"/resources/jhepqpskdbg/data.json","0b85e32f-5412-5d64-684e-3089e2b88525":"/resources/mit14_01f18_pset5sol/data.json","0c66d16d-b27a-737a-4c7d-3cc52ab45acc":"/resources/lec-10-welfare-economics/data.json","0fa3ffbb-6017-1719-51b8-9ef78db3f6dc":"/resources/jhepqpskdbg-1/data.json","119e471f-0c43-ba7f-31f3-9c33939f770c":"/resources/dxxb8q5awvw/data.json","11e1fedc-cc9c-d73f-2ac0-c18e4f6173b9":"/resources/osaveuba0qk/data.json","13833662-bee8-6ff0-ac34-648508bf48e2":"/resources/mit14_01f18_handout21/data.json","143005c6-473c-4c94-285c-48d236ec0569":"/resources/mit14_01f18_handout6/data.json","1435b7ae-a89b-6009-050c-864403d0e5fe":"/resources/fjvoh57uxl8-1/data.json","153071a9-0574-140d-01d1-9f8612e19fba":"/resources/lec-18-savings-and-trade/data.json","157410ce-bcf6-fef4-5dcf-b16a9b5a2bca":"/resources/lec-16-labor-and-capital/data.json","15aac56f-e5de-4a03-6f09-1dffdaca2a91":"/resources/b6wi0ce4gjm-1/data.json","17a5cdfd-502f-d717-25ee-d44532477a0a":"/resources/14-01f18-th/data.json","181d3724-85c9-f296-0856-c19f952e656f":"/resources/bf1ztgijtik/data.json","190a0912-d00b-7bb9-9237-4b052638335d":"/resources/zlnj2cncpge/data.json","1ba1bb8f-9e86-520a-afbc-e4c3a265fc84":"/resources/ufryzor_4xe-2/data.json","1e55ea22-b365-1334-9f52-225aa9ba87e9":"/resources/14-01f18/data.json","2136d0c5-f2da-50fc-9263-60b04ee41526":"/resources/tsynhb6ybee-2/data.json","21ccd01f-73fd-2bb6-dfc9-79008cb52158":"/resources/lec-13-oligopoly/data.json","2398d1e8-383d-8310-2c9f-591c57e15e64":"/resources/lec-24-market-failures-ii/data.json","2401fe0c-770a-8ce3-8566-3de6af4aa392":"/resources/mit14_01f18_pset1/data.json","248ac738-93f8-c0fc-33a3-2d186411b374":"/resources/mit14_01f18_pset10/data.json","24a080fb-0153-5ea6-c235-0f0de21598e2":"/resources/oktw766ocs-1/data.json","24b535cd-fec5-6533-e46b-145dda3bd8d1":"/resources/f0ulakrfvzo/data.json","24f157a6-b2c7-5aca-a4d0-0b2cc53bcc91":"/resources/osaveuba0qk-2/data.json","25554eb5-7278-ed28-aa8d-d6ad93269386":"/resources/chalk_radio/data.json","264b7cbc-5e31-be3e-00f8-668d89f16e47":"/resources/mit14_01f18_pset6sol/data.json","26b7a799-f289-88a1-f2b9-cb1d73776067":"/resources/165/data.json","2ae3477d-dacd-7a31-50d6-c74e8288b4e0":"/resources/mit14_01f18_lec1_7/data.json","2cada262-4970-b9e0-7b86-0c8f0f1c81e6":"/resources/mit14_01f18_pset6/data.json","2d5e14b6-9acc-b443-d29b-5fa7902917f3":"/resources/b6wi0ce4gjm/data.json","2db7d50d-5678-5519-b786-7457f032fdf2":"/resources/ofl2hxqg7eo-2/data.json","2db9d08b-52aa-3224-669f-59296b1039e1":"/resources/lec-11-monopoly-i/data.json","2f54fa67-140e-5f14-188c-01bd14beaf37":"/pages/exams/data.json","304e49e0-e987-1a80-6219-c51e3623fbc8":"/resources/lec-12-monopoly-ii/data.json","309ad14b-5f8e-a921-4ce2-b664ecbb44d7":"/resources/lec-8-competition-ii/data.json","3227bf57-38a1-d870-cea6-2ce072672b95":"/resources/rnn2rgcrizs-1/data.json","3515c13b-3e9f-f567-f48c-fa61f147f439":"/resources/lec-19-welfare-policy/data.json","37c44f5f-454f-5af3-b133-3fe94acf2da4":"/resources/x0scpososoi/data.json","39ae28f8-e6b3-1bad-b1ef-40c1bfc07da5":"/resources/mit14_01f18_pset3/data.json","3aefd229-bb73-b4fe-9e2c-569792c09f10":"/pages/instructor-insights/data.json","3c1cdd7f-0d95-3338-03c8-9ad164d185a1":"/resources/f0ulakrfvzo-1/data.json","3ca912df-d7cd-7bf6-8cfd-e7903faf0c68":"/resources/mit14_01f18_handout13/data.json","432de581-30f3-a1d1-2288-024a5344cd48":"/resources/tckk22kazi4/data.json","4608ba72-6e5d-50c7-b9a1-1f94a9defc63":"/resources/f0ulakrfvzo-2/data.json","49aa2165-f60d-34a3-c4e5-17021faefe9f":"/resources/mit14_01f18_handout22/data.json","4b95d875-d282-7994-a4bb-be5683d1f0c4":"/resources/ufryzor_4xe/data.json","4c6e8a17-5500-f93c-ac66-16faa8374128":"/resources/lec-4-demand-curves/data.json","4c8e5576-1ff9-0b76-649c-88ddefd76f8e":"/resources/zlnj2cncpge-1/data.json","4dbaaeaa-6930-c1a6-c9e4-2b24601404f4":"/resources/mit14_01f18_handout1/data.json","4e9e51e8-c67f-6c91-df2e-e13c2994b9d0":"/resources/mit14_01f18_pset5/data.json","4ed11559-eda7-83bf-37da-f83ffee9e646":"/resources/dxxb8q5awvw-1/data.json","4f263057-ce68-85dd-8bb3-12d33cc79f79":"/resources/lec-14-oligopoly-ii/data.json","4f808fdc-81a0-5548-6eb0-2e42d71c6aef":"/resources/1utjgrojmig/data.json","4fd95a13-a2fc-5f88-a4cc-20a71c5ab902":"/resources/b6wi0ce4gjm-2/data.json","517db5f1-1f3e-8e1a-bfe4-21d5c3c8352a":"/resources/mit14_01f18_handout12/data.json","52342e05-e930-927b-81ff-a858b0f8a2ac":"/resources/mit14_01f18_handout3/data.json","534535f1-aff6-01c2-2fbb-e526e53d20ef":"/resources/ofl2hxqg7eo-1/data.json","5558860f-e9ad-8d3c-5d7a-2d5d26c849e4":"/resources/mit14_01f18_pset2sol/data.json","57dc851c-a456-f703-9a17-b8c0de5f2ab1":"/resources/mit14_01f18_midterm_sol/data.json","5af06af9-4bac-3d20-9a67-4b39dc685787":"/resources/pc3qooaf5xs-1/data.json","5e7917fe-8455-c382-b093-2de05f5ec68e":"/resources/x0scpososoi-1/data.json","60fb89bb-3ec6-a773-95d0-bfeee4e22a73":"/resources/mit14_01f18_handout4/data.json","63170c2f-9c0f-9270-b3ac-85480897fd1e":"/resources/ftmvsahq6wo-1/data.json","6519294b-0db3-dd6b-2ee4-cca52dae03b4":"/resources/recitation_room/data.json","689495e9-ea83-9ede-64de-4694bc0da543":"/resources/lec-22-redistribution-taxation/data.json","6948df81-4bfc-586f-a7df-8d6f2c3c513c":"/resources/bunuov_inym-2/data.json","69f5d1ff-9f7b-5711-986b-20891978c4fc":"/resources/dxxb8q5awvw-2/data.json","6e915819-3cef-5ec3-96e4-bf6a350a47d1":"/resources/jhepqpskdbg-2/data.json","6edd120e-c9d7-8c58-baa5-2172890b8955":"/resources/tsynhb6ybee/data.json","701d666e-c38c-1000-ce20-a61dc2e2bed7":"/resources/mit14_01f18_pset7sol/data.json","74007144-7970-d4ce-a476-c2e49d1bc393":"/resources/mit14_01f18_midterm/data.json","75deccd2-98f9-57a7-bf85-57c8593c625a":"/resources/rnn2rgcrizs-2/data.json","7826d251-f0f4-f02a-bb21-6f7ca1ee2ce1":"/resources/lecture_room/data.json","785fc4ea-2b69-5521-971c-fdf9dffbe210":"/resources/x0scpososoi-2/data.json","7a2b1040-d9a9-90c3-c37e-963a44d6c3d3":"/resources/mit14_01f18_pset4sol/data.json","7d5e25f5-f799-51ab-07df-64b3db71fb40":"/pages/calendar/data.json","8076c53a-8959-18b8-874c-e838dc3ba75f":"/resources/hm5zqbpsrjm/data.json","8488b784-12b8-2853-6b04-8e2cae9a2cea":"/resources/mit14_01f18_handout19/data.json","868ecd42-277b-dfc0-1755-3c97618efabc":"/resources/ftmvsahq6wo/data.json","87393745-e293-c22d-3921-ebf5eae5c7dd":"/resources/mit14_01f18_lec8_17/data.json","8896b6ee-78d7-f911-390d-c43ec4f6dcf6":"/resources/mit4_01f18_final_sol/data.json","88b88357-01f4-0269-b3fb-5b5e537179a3":"/resources/mit14_01f18_lec18_25/data.json","8f0f7f4d-d0a4-1646-2ce9-49a81c3a96e6":"/resources/tsynhb6ybee-1/data.json","8ffa9a09-625c-9db1-39e9-fe585be8525e":"/resources/mit14_01f18_handout15/data.json","99615228-ec0e-4af4-369f-87d852ddf006":"/resources/bny84dcrxzo/data.json","9a8fa6ab-90f3-5287-b0b1-1c91f26d1f0b":"/resources/0ka91pvs3sk-2/data.json","a08f91de-7654-777d-9cdf-0328a5e8252f":"/resources/6xhkcu8rw_0/data.json","a2c09991-4bb6-8b7e-acd1-6a2140a4e6b6":"/resources/lec-25-health-economics/data.json","a36920c5-18f3-5340-e124-a0e716b90e84":"/resources/lec-23-market-failures-i/data.json","a5c8f091-52f1-eedf-3242-6b09c920171f":"/resources/mit14_01f18_handout7/data.json","a7f488e6-77e3-f77d-0968-f1fdda737bc5":"/resources/mit14_01f18_handout2/data.json","a8d2d309-a9fe-c65d-edd5-39627295cedc":"/resources/mit14_01f18_handout16/data.json","a996fc24-af09-63ab-eace-cc31a12ace0a":"/resources/oktw766ocs/data.json","ab1f8336-a41c-95b6-7398-9e1740d487c3":"/resources/ufryzor_4xe-1/data.json","ace8064c-5766-43ae-a278-58ca5351e4c3":"/resources/bf1ztgijtik-1/data.json","afce07c2-a766-7d4b-1763-1ca9c0e0d0e5":"/resources/hm5zqbpsrjm-1/data.json","b076142e-55b1-583e-9096-c4567653cda7":"/resources/tckk22kazi4-2/data.json","b08f8262-8eab-59a9-854f-7a8dfef8c8ca":"/resources/a9uz7txetq4-2/data.json","b11835dc-587e-f844-32eb-86bd367da4dc":"/resources/jsicft5v2dk/data.json","b17bc01d-0681-5d0f-be2c-fd7ef83fa0c0":"/resources/1utjgrojmig-2/data.json","b6428e2c-1b24-9b0f-5c13-16782662953a":"/resources/0ka91pvs3sk/data.json","b70cb8ae-0157-3aeb-8daf-34584588b168":"/resources/mit14_01f18_handout18/data.json","b9152504-46bb-1e47-50e9-eb12a0065e60":"/resources/rnn2rgcrizs/data.json","b94203c9-b426-76cb-65f9-308afe7c0536":"/resources/1utjgrojmig-1/data.json","b9bd5647-a4a0-ed4e-e2de-e502f63d0914":"/resources/mit14_01f18_handout9/data.json","b9d04200-b097-ceb2-ee54-8b0e6fd4a084":"/resources/lec-5-production-theory/data.json","baaaeb88-b8b3-5eba-337b-777e164c4a12":"/resources/fjvoh57uxl8/data.json","bc9e0e11-8a99-56b9-d2dc-cf6b5d15c469":"/resources/mit14_01f18_handout23/data.json","be3fe4a8-0017-4442-9662-711befb8caf1":"/resources/mit14_01f18_pset1sol/data.json","bf8ce5d5-1ad8-5265-06e5-ba348444d14f":"/resources/bunuov_inym/data.json","c0f9f3aa-af3d-cb83-69ac-ad83079694bb":"/resources/lecture-3-constraints/data.json","c1d88561-f8ec-55fc-b4a8-d88eb7db1c90":"/resources/oktw766ocs-2/data.json","c5693815-c89b-0e06-1ad8-10c99ef0bdeb":"/resources/6xhkcu8rw_0-1/data.json","c88df965-d3a2-d558-1c4a-6fb3a170c3de":"/resources/pc3qooaf5xs/data.json","ca1f5b78-6df7-3419-79d8-15681fba3447":"/resources/mit14_01f18_final/data.json","cbb07656-1963-ad5b-4e19-215c69003d6f":"/resources/mit14_01f18_pset2/data.json","ccdb5d49-1ff0-b43e-97ed-d4bf3b4eda44":"/resources/mit14_01f18_pset8/data.json","cd11b313-9a79-ddfa-6fec-df5c32d07ff8":"/resources/lec-21-efficiency-equity/data.json","d094fe93-f4c6-0112-fa2e-c4e9f851e61e":"/video_galleries/lecture-videos/data.json","d4e0e512-c8d2-5a6d-a99c-475a8501168c":"/resources/bny84dcrxzo-2/data.json","d51a04b5-e0b3-0bb7-76ed-972e375ee3b9":"/resources/lec-20-uncertainty/data.json","d6a72239-c7c0-570b-829e-28cceed943ab":"/resources/fjvoh57uxl8-2/data.json","d82e3198-17b0-576b-8cd4-1171ec301d2e":"/resources/bf1ztgijtik-2/data.json","d9673a67-850a-34cd-92e9-97d3df6383ad":"/pages/syllabus/data.json","dc5ba143-bf4e-2c65-c30e-ad864ffe258a":"/resources/mit14_01f18_pset9/data.json","dd238fb3-0945-0d07-030e-4a6be8ac37a1":"/resources/lec2-preferences-utilityfunctions/data.json","de081a54-ab6c-c1cd-174c-81000de3903f":"/resources/mit14_01f18_pset4/data.json","e1d056ad-8fcd-e3fa-c604-9c11bd1a8723":"/resources/lec-17-making-choices/data.json","e2042f6f-075b-5b23-2588-6adb4722aa8e":"/resources/lec-15-labor-market/data.json","e2c351f2-0263-faf9-f233-f5f9d9225620":"/resources/lec-6-costs/data.json","e4635a41-3517-f55c-518f-491dae1f8f0a":"/pages/lecture-notes/data.json","e866cc46-534a-4122-dc0e-e58769acdf92":"/resources/mit14_01f18_handout8/data.json","ec6efe70-6237-bc88-670d-45116f387fd3":"/resources/a9uz7txetq4-1/data.json","ee5f70f0-d9a2-9a58-08c9-33aef17a0ac7":"/resources/jsicft5v2dk-1/data.json","f219d549-7641-ec9a-826e-490e79f295d9":"/resources/mit14_01f18_handout5/data.json","f33792dc-9101-1c91-0907-ec8a71059981":"/resources/bunuov_inym-1/data.json","f48b320a-ee88-5fc7-9216-d973655eb33c":"/resources/pc3qooaf5xs-2/data.json","f5fc574e-08b4-b7ee-b1eb-cb08aac59627":"/pages/problem-sets/data.json","f6ce125f-9fe8-848d-7b63-3451826c627c":"/pages/recitations/data.json","f72a42fb-252e-5719-aa02-3ec75c578349":"/resources/ftmvsahq6wo-2/data.json","f7891ee4-9414-ba96-445d-527306d08ab9":"/resources/mit14_01f18_pset8sol/data.json","f7dd5a90-9e54-5ed5-aa1e-43f8b0cfd566":"/resources/hm5zqbpsrjm-2/data.json","f8689c7e-b58d-cc9b-ae23-25a291a1d7c6":"/resources/0ka91pvs3sk-1/data.json","f89a495a-6837-2885-d77d-2f0e9bd69501":"/resources/ofl2hxqg7eo/data.json","f8ddd625-fe48-401d-c7c8-5d7af8db1584":"/resources/a9uz7txetq4/data.json","fc0516b5-a3f2-cce4-63ec-d1c3ce6bc2ea":"/resources/lec-9-supply-and-demand-surplus/data.json","fc9acd3b-3d98-5bd6-1b98-ab7168ea3501":"/resources/mit14_01f18_handout11/data.json","fccb7e1c-69e2-dc25-8a65-65be29b69885":"/resources/mit14_01f18_pset3sol/data.json","fd42f8b9-edb3-58b3-9941-159fe348fff0":"/resources/6xhkcu8rw_0-2/data.json","fddf7ed7-9e07-5a8a-aecb-2a62da37ed27":"/resources/jsicft5v2dk-2/data.json","fdffa03d-0958-23ea-75ee-7f12d6af6829":"/resources/lec1-intro/data.json","fe938934-133a-619e-bb6b-08ad366fd63c":"/resources/tckk22kazi4-1/data.json"}