{
  "course_title":"Principles of Microeconomics",
  "course_description":"This introductory undergraduate course covers the fundamentals of microeconomics. Topics include supply and demand, market equilibrium, consumer theory, production and the behavior of firms, monopoly, oligopoly, welfare economics, public goods, and externalities. \n\nChalk Radio Podcast\n-------------------\n\nProf. Jonathan Gruber was featured in an episode of OpenCourseWare's podcast, [Chalk Radio](https://chalk-radio.simplecast.com/). In the episode \"Thinking Like an Economist,\" Prof. Gruber talks about how he engages students in 14.01 with accessible real world examples. Listen to the episode on [Apple Podcasts](https://podcasts.apple.com/us/podcast/chalk-radio/id1497545103).\n",
  "site_uid":"f78e9800-a007-49e5-9276-478f4464687c",
  "legacy_uid":"922fbc13-56cc-9430-c001-c928c4d41025","instructors": [{
    "first_name":"Jonathan",
    "last_name":"Gruber",
    "middle_initial":"",
    "salutation":"Prof.",
    "title":"Prof. Jonathan Gruber"}],"department_numbers":["14"],
  "learning_resource_types":["Lecture Videos","Problem Sets with Solutions","Exams with Solutions","Lecture Notes","Instructor Insights"],
  "topics":[["Social Science","Economics","Microeconomics"]],
  "primary_course_number":"14.01",
  "extra_course_numbers":"",
  "term":"Fall",
  "year":"2018",
  "level":["Undergraduate"],
  "image_src":"./static_resources/1e55ea22b36513349f52225aa9ba87e9_14-01f18.jpg",
  "course_image_metadata":{"content_type":"resource","description":"","draft":false,"file":"/courses/14-01-principles-of-microeconomics-fall-2018/1e55ea22b36513349f52225aa9ba87e9_14-01f18.jpg","file_type":"image/jpeg","image_metadata":{"caption":"The price of commodities, such as gasoline, fluctuates due to supply and demand, a key concept in microeconomics.  (Image by [Don Sniegowski](https://www.flickr.com/photos/sniegowski/49690472377/) on flickr. License: CC BY-NC-SA).","credit":"(Image by Don Sniegowski on flickr. License: CC BY-NC-SA).","image-alt":"A photo of a gas station with the price of gas displayed. A pickup truck hauling an ATV is in the background. "},"iscjklanguage":false,"learning_resource_types":[],"license":"https://creativecommons.org/licenses/by-nc-sa/4.0/","ocw_type":"OCWImage","resourcetype":"Image","title":"14-01f18.jpg","uid":"1e55ea22-b365-1334-9f52-225aa9ba87e9"}}

