{
  "title":"Lecture 7: Competition I",
  "description": "",
  "file": null,
  "learning_resource_types": ["Lecture Videos"],
  "resource_type": "Video",
  "file_type": null,
  "youtube_key":  "BNy84DCRxzo",
  "captions_file": "/courses/14-01-principles-of-microeconomics-fall-2018/d4e0e512c8d25a6da99c475a8501168c_BNy84DCRxzo.vtt",
  "transcript_file": "/courses/14-01-principles-of-microeconomics-fall-2018/07d0177172c6a6b746e71656adbd4d26_BNy84DCRxzo.pdf",
  "thumbnail_file": "https://img.youtube.com/vi/BNy84DCRxzo/default.jpg",
  "archive_url": "https://archive.org/download/MIT14.01F18/MIT14_01F18_lec07_300k.mp4"}
