{
  "title":"Lecture 22: Government Redistribution and Taxation    ",
  "description": "",
  "file": null,
  "learning_resource_types": ["Lecture Videos"],
  "resource_type": "Video",
  "file_type": null,
  "youtube_key":  "BF1ZtGIjTik",
  "captions_file": "/courses/14-01-principles-of-microeconomics-fall-2018/d82e319817b0576b8cd41171ec301d2e_BF1ZtGIjTik.vtt",
  "transcript_file": "/courses/14-01-principles-of-microeconomics-fall-2018/ace8064c576643aea27858ca5351e4c3_BF1ZtGIjTik.pdf",
  "thumbnail_file": "https://img.youtube.com/vi/BF1ZtGIjTik/default.jpg",
  "archive_url": "https://archive.org/download/MIT14.01F18/MIT14_01F18_lec22_300k.mp4"}
