{
  "title":"Lecture 10: Welfare Economics    ",
  "description": "",
  "file": null,
  "learning_resource_types": ["Lecture Videos"],
  "resource_type": "Video",
  "file_type": null,
  "youtube_key":  "PC3qooaF5Xs",
  "captions_file": "/courses/14-01-principles-of-microeconomics-fall-2018/f48b320aee885fc79216d973655eb33c_PC3qooaF5Xs.vtt",
  "transcript_file": "/courses/14-01-principles-of-microeconomics-fall-2018/5af06af94bac3d209a674b39dc685787_PC3qooaF5Xs.pdf",
  "thumbnail_file": "https://img.youtube.com/vi/PC3qooaF5Xs/default.jpg",
  "archive_url": "https://archive.org/download/MIT14.01F18/MIT14_01F18_lec10_300k.mp4"}
