{
  "title":"Lecture 19: International Trade: Welfare and Policy    ",
  "description": "",
  "file": null,
  "learning_resource_types": ["Lecture Videos"],
  "resource_type": "Video",
  "file_type": null,
  "youtube_key":  "DxXB8Q5AWvw",
  "captions_file": "/courses/14-01-principles-of-microeconomics-fall-2018/69f5d1ff9f7b5711986b20891978c4fc_DxXB8Q5AWvw.vtt",
  "transcript_file": "/courses/14-01-principles-of-microeconomics-fall-2018/4ed11559eda783bf37daf83ffee9e646_DxXB8Q5AWvw.pdf",
  "thumbnail_file": "https://img.youtube.com/vi/DxXB8Q5AWvw/default.jpg",
  "archive_url": "https://archive.org/download/MIT14.01F18/MIT14_01F18_lec19_300k.mp4"}
