{
  "title":"Lecture 13: Oligopoly    ",
  "description": "",
  "file": null,
  "learning_resource_types": ["Lecture Videos"],
  "resource_type": "Video",
  "file_type": null,
  "youtube_key":  "0kA91PvS3sk",
  "captions_file": "/courses/14-01-principles-of-microeconomics-fall-2018/9a8fa6ab90f35287b0b11c91f26d1f0b_0kA91PvS3sk.vtt",
  "transcript_file": "/courses/14-01-principles-of-microeconomics-fall-2018/f8689c7eb58dcc9bae2325a291a1d7c6_0kA91PvS3sk.pdf",
  "thumbnail_file": "https://img.youtube.com/vi/0kA91PvS3sk/default.jpg",
  "archive_url": "https://archive.org/download/MIT14.01F18/MIT14_01F18_lec13_300k.mp4"}
