{
  "title":"Lecture 9: Supply and Demand \u0026 Consumer/Producer Surplus",
  "description": "",
  "file": null,
  "learning_resource_types": ["Lecture Videos"],
  "resource_type": "Video",
  "file_type": null,
  "youtube_key":  "1UtJGRojmIg",
  "captions_file": "/courses/14-01-principles-of-microeconomics-fall-2018/b17bc01d06815d0fbe2cfd7ef83fa0c0_1UtJGRojmIg.vtt",
  "transcript_file": "/courses/14-01-principles-of-microeconomics-fall-2018/b94203c9b42676cb65f9308afe7c0536_1UtJGRojmIg.pdf",
  "thumbnail_file": "https://img.youtube.com/vi/1UtJGRojmIg/default.jpg",
  "archive_url": "https://archive.org/download/MIT14.01F18/MIT14_01F18_lec09_300k.mp4"}
