{
  "title":"14-01f18.jpg",
  "description": "",
  "file": "/courses/14-01-principles-of-microeconomics-fall-2018/1e55ea22b36513349f52225aa9ba87e9_14-01f18.jpg",
  "learning_resource_types": [],
  "resource_type": "Image",
  "file_type": "image/jpeg",
  "image_metadata": {"caption":"The price of commodities, such as gasoline, fluctuates due to supply and demand, a key concept in microeconomics.  (Image by [Don Sniegowski](https://www.flickr.com/photos/sniegowski/49690472377/) on flickr. License: CC BY-NC-SA).","credit":"(Image by Don Sniegowski on flickr. License: CC BY-NC-SA).","image-alt":"A photo of a gas station with the price of gas displayed. A pickup truck hauling an ATV is in the background. "}}
